{"acc": 0.912, "prec": 0.8729641693811075, "rec": 0.8454258675078864, "auc": 0.973458623349391}