{"acc": 0.928, "prec": 0.9003267973856209, "rec": 0.8690851735015773, "auc": 0.9809132099523812}