{"acc": 0.9305, "prec": 0.9064039408866995, "rec": 0.8706624605678234, "auc": 0.9815505909630459}